cik,primarysymbol,companyname,industry,sector,siccode,websiteurl,lastannualtotalassets,lastannualrevenue,lastannualnetincome,lastannualeps,totalsharesoutstandingdate
104169,WMT,WAL MART STORES INC,Food Retail & Distribution,Consumer Non-Cyclicals,5331,www.walmartstores.com,1.98825E+11,4.85873E+11,13643000000,4.38,3/29/2017 0:00
34088,XOM,EXXON MOBIL CORP,Oil & Gas Refining and Marketing,Energy,2911,http://www.exxonmobil.com/,3.30314E+11,2.18608E+11,7840000000,1.88,3/31/2017 0:00
927653,MCK,MCKESSON CORP,Drug Retailers,Consumer Non-Cyclicals,5122,www.mckesson.com,60969000000,1.98533E+11,5070000000,22.73,4/30/2017 0:00
731766,UNH,UNITEDHEALTH GROUP INC,Managed Healthcare,Healthcare,6324,www.unitedhealthgroup.com,1.2281E+11,1.8484E+11,7017000000,7.25,4/28/2017 0:00
64803,CVS,CVS HEALTH CORP,Drug Retailers,Consumer Non-Cyclicals,5912,http://www.cvs.com,94462000000,1.77526E+11,5317000000,4.91,4/26/2017 0:00
1467858,GM,GENERAL MOTORS CO,Auto & Truck Manufacturers,Consumer Cyclicals,3711,www.gm.com,2.2169E+11,1.6638E+11,9427000000,6,4/21/2017 0:00
37996,F,FORD MOTOR CO,Auto & Truck Manufacturers,Consumer Cyclicals,3711,http://www.ford.com,2.37951E+11,1.518E+11,4596000000,1.15,4/20/2017 0:00
732717,T,AT&T INC.,Wireless Telecommunications Services,Telecommunication Services,4813,http://www.att.com/,4.03821E+11,1.63786E+11,12976000000,2.1,4/30/2017 0:00
40545,GE,GENERAL ELECTRIC CO,Industrial Conglomerates,Industrials,3600,www.ge.com,3.65182E+11,1.23692E+11,8829000000,1,3/31/2017 0:00
1140859,ABC,AMERISOURCEBERGEN CORP,Drug Retailers,Consumer Non-Cyclicals,5122,www.amerisourcebergen.net,33656200000,1.4685E+11,1427929000,6.32,4/30/2017 0:00
732712,VZ,VERIZON COMMUNICATIONS INC,Integrated Telecommunications Services,Telecommunication Services,4813,www.verizon.com,2.4418E+11,1.2598E+11,13127000000,3.21,3/31/2017 0:00
93410,CVX,CHEVRON CORP,Oil & Gas Refining and Marketing,Energy,2911,http://www.chevrontexaco.com,2.60078E+11,1.10215E+11,-497000000,-0.27,3/31/2017 0:00
909832,COST,COSTCO WHOLESALE CORP /NEW,Discount Stores,Consumer Cyclicals,5331,http://www.costco.com,33163000000,1.18719E+11,2350000000,5.33,3/1/2017 0:00
310522,FNMA,FEDERAL NATIONAL MORTGAGE ASSOCIATION FANNIE MAE,Banks,Financials,6111,http://www.fanniemae.com,3.28797E+12,0,12313000000,0.01,3/31/2017 0:00
56873,KR,KROGER CO,Food Retail & Distribution,Consumer Non-Cyclicals,5411,http://www.kroger.com,36505000000,1.15337E+11,1975000000,2.05,3/22/2017 0:00
1018724,AMZN,AMAZON COM INC,Department Stores,Consumer Cyclicals,5961,www.amazon.com,83402000000,1.35987E+11,2371000000,4.9,4/18/2017 0:00
47217,HPQ,HP INC,Computer Hardware,Technology,3570,http://www.hp.com,29010000000,48238000000,2496000000,1.43,1/31/2017 0:00
721371,CAH,CARDINAL HEALTH INC,Drug Retailers,Consumer Non-Cyclicals,5122,www.cardinal.com,34122000000,1.21546E+11,1427000000,4.32,4/25/2017 0:00
1532063,ESRX,EXPRESS SCRIPTS HOLDING CO.,Drug Retailers,Consumer Non-Cyclicals,5912,,51744900000,1.00288E+11,3404400000,5.39,3/31/2017 0:00
19617,JPM,JPMORGAN CHASE & CO,Banks,Financials,6021,http://www.jpmorganchase.com,2.49097E+12,0,24733000000,6.19,3/31/2017 0:00
12927,BA,BOEING CO,Aerospace & Defense,Industrials,3721,http://www.boeing.com/,89997000000,94571000000,4895000000,7.61,4/19/2017 0:00
789019,MSFT,MICROSOFT CORP,Software,Technology,7372,www.microsoft.com,1.93694E+11,85320000000,16798000000,2.1,4/21/2017 0:00
70858,BAC,BANK OF AMERICA CORP /DE/,Banks,Financials,6021,http://www.bankofamerica.com,2.1877E+12,0,17906000000,1.5,5/1/2017 0:00
72971,WFC,WELLS FARGO & COMPANY/MN,Banks,Financials,6021,http://www.wellsfargo.com,1.93012E+12,0,21938000000,3.99,4/26/2017 0:00
354950,HD,HOME DEPOT INC,Home Improvement Products & Services Retailers,Consumer Cyclicals,5211,http://www.homedepot.com,42966000000,94595000000,7957000000,6.45,5/16/2017 0:00
831001,C,CITIGROUP INC,Banks,Financials,6021,www.citigroup.com,1.79208E+12,0,14912000000,4.72,3/31/2017 0:00
1534701,PSX,PHILLIPS 66,Oil & Gas Refining and Marketing,Energy,2911,,51653000000,84279000000,1555000000,2.92,3/31/2017 0:00
51143,IBM,INTERNATIONAL BUSINESS MACHINES CORP,IT Services & Consulting,Technology,3570,http://www.ibm.com,1.1747E+11,79920000000,11874000000,12.38,3/31/2017 0:00
1035002,VLO,VALERO ENERGY CORP/TX,Oil & Gas Refining and Marketing,Energy,2911,www.valero.com,46173000000,75659000000,2289000000,4.94,4/28/2017 0:00
1156039,ANTM,"ANTHEM, INC.",Managed Healthcare,Healthcare,6324,http://www.wellpoint.com/,65083100000,84863000000,2469800000,9.21,4/13/2017 0:00
80424,PG,PROCTER & GAMBLE CO,Personal Products,Consumer Non-Cyclicals,2840,http://www.pg.com,1.27136E+11,65299000000,10508000000,3.69,3/31/2017 0:00
1652044,GOOGL,ALPHABET INC.,Internet Services,Technology,7370,,1.67497E+11,90272000000,19478000000,27.85,4/27/2017 0:00
1166691,CMCSA,COMCAST CORP,Broadcasting,Consumer Cyclicals,4841,www.comcast.com,1.805E+11,80403000000,8695000000,3.57,3/31/2017 0:00
27419,TGT,TARGET CORP,Discount Stores,Consumer Cyclicals,5331,http://www.target.com,37431000000,69495000000,2737000000,4.7,5/16/2017 0:00
200406,JNJ,JOHNSON & JOHNSON,Pharmaceuticals,Healthcare,2834,http://www.jnj.com,1.41208E+11,71890000000,16540000000,5.93,4/28/2017 0:00
1099219,MET,METLIFE INC,Life & Health Insurance,Financials,6311,www.metlife.com,8.98764E+11,63476000000,800000000,0.63,4/28/2017 0:00
7084,ADM,ARCHER DANIELS MIDLAND CO,Food Processing,Consumer Non-Cyclicals,2070,http://www.admworld.com/naen/,39769000000,62346000000,1279000000,2.16,4/28/2017 0:00
1510295,MPC,MARATHON PETROLEUM CORP,Oil & Gas Refining and Marketing,Energy,2911,,44413000000,63339000000,1174000000,2.21,4/27/2017 0:00
1026214,FMCC,FEDERAL HOME LOAN MORTGAGE CORP,Corporate Financial Services,Financials,6111,http://www.freddiemac.com,2.02338E+12,0,7815000000,0.03,4/18/2017 0:00
77476,PEP,PEPSICO INC,Non-Alcoholic Beverages,Consumer Non-Cyclicals,2080,www.pepsico.com,74129000000,62799000000,6329000000,4.36,4/19/2017 0:00
101829,UTX,UNITED TECHNOLOGIES CORP /DE/,Aerospace & Defense,Industrials,3724,http://www.utc.com,89706000000,57244000000,5055000000,6.13,3/31/2017 0:00
1122304,AET,AETNA INC /PA/,Managed Healthcare,Healthcare,6324,http://www.aetna.com/,69146000000,63155000000,2271000000,6.41,3/31/2017 0:00
60667,LOW,LOWES COMPANIES INC,Home Improvement Products & Services Retailers,Consumer Cyclicals,5211,http://www.lowes.com/lowes/lkn?action=home,34408000000,65017000000,3093000000,3.47,3/31/2017 0:00
1090727,UPS,UNITED PARCEL SERVICE INC,Air Freight & Logistics,Industrials,4210,www.ups.com,40377000000,60906000000,3431000000,3.87,5/1/2017 0:00
5272,AIG,AMERICAN INTERNATIONAL GROUP INC,Multiline Insurance & Brokers,Financials,6331,www.aigcorporate.com,4.98264E+11,52367000000,-849000000,-0.78,5/1/2017 0:00
1137774,PRU,PRUDENTIAL FINANCIAL INC,Life & Health Insurance,Financials,6311,www.prudential.com,7.83962E+11,58779000000,4368000000,9.71,4/30/2017 0:00
50863,INTC,INTEL CORP,Semiconductors,Technology,3674,http://www.intel.com,1.13327E+11,59387000000,10316000000,2.12,4/1/2017 0:00
49071,HUM,HUMANA INC,Managed Healthcare,Healthcare,6324,www.humana.com,25396000000,54379000000,614000000,4.07,3/31/2017 0:00
1001039,DIS,WALT DISNEY CO/,Broadcasting,Consumer Cyclicals,4841,http://disney.go.com/,92033000000,55632000000,9391000000,5.73,5/3/2017 0:00
858877,CSCO,"CISCO SYSTEMS, INC.",Communications & Networking,Technology,3576,http://www.cisco.com,1.21652E+11,49247000000,10739000000,2.11,2/16/2017 0:00
78003,PFE,PFIZER INC,Pharmaceuticals,Healthcare,2834,http://www.pfizer.com,1.71615E+11,52824000000,7213000000,1.17,5/8/2017 0:00
29915,DOW,DOW CHEMICAL CO /DE/,Diversified Chemicals,Basic Materials,2821,http://www.dow.com/Homepage/index.html,79511000000,48158000000,4318000000,3.52,3/31/2017 0:00
96021,SYY,SYSCO CORP,Food Retail & Distribution,Consumer Non-Cyclicals,5140,www.sysco.com,16721804000,50366919000,949622000,1.64,4/21/2017 0:00
1048911,FDX,FEDEX CORP,Air Freight & Logistics,Industrials,4513,http://www.fedex.com/,46064000000,50365000000,1820000000,6.51,3/20/2017 0:00
18230,CAT,CATERPILLAR INC,Heavy Machinery & Vehicles,Industrials,3531,www.cat.com,74704000000,38537000000,-67000000,-0.11,3/31/2017 0:00
936468,LMT,LOCKHEED MARTIN CORP,Aerospace & Defense,Industrials,3760,http://www.lockheedmartin.com/,47806000000,47248000000,5302000000,17.49,3/26/2017 0:00
21344,KO,COCA COLA CO,Non-Alcoholic Beverages,Consumer Non-Cyclicals,2080,http://www.coca-cola.com,87270000000,41863000000,6527000000,1.49,4/24/2017 0:00
860730,HCA,"HCA HEALTHCARE, INC.",Healthcare Facilities & Services,Healthcare,8062,www.hcahealthcare.com,33758000000,41490000000,2890000000,7.3,4/30/2017 0:00
1276187,ETE,"ENERGY TRANSFER EQUITY, L.P.",Oil & Gas Transportation Services,Energy,4922,www.energytransfer.com,79011000000,37504000000,995000000,0.92,4/28/2017 0:00
100493,TSN,TYSON FOODS INC,Food Processing,Consumer Non-Cyclicals,2015,http://www.tysonfoodsinc.com,22373000000,36881000000,1768000000,4.53,4/1/2017 0:00
6201,AAL,AMERICAN AIRLINES GROUP INC.,Airlines,Industrials,4512,http://www.aa.com/,51274000000,40180000000,2676000000,4.81,4/21/2017 0:00
27904,DAL,DELTA AIR LINES INC /DE/,Airlines,Industrials,4512,,51261000000,39639000000,4373000000,5.79,3/31/2017 0:00
833444,JCI,JOHNSON CONTROLS INTERNATIONAL PLC,"Auto, Truck & Motorcycle Parts",Consumer Cyclicals,7380,http://www.tyco.com/,63253000000,37674000000,-868000000,-1.3,3/31/2017 0:00
764478,BBY,BEST BUY CO INC,Computer & Electronics Retailers,Consumer Cyclicals,5731,http://www.bestbuy.com,13856000000,39403000000,1228000000,3.81,3/20/2017 0:00
310158,MRK,"MERCK & CO., INC.",Pharmaceuticals,Healthcare,2834,www.schering-plough.com,95377000000,39807000000,3920000000,1.41,4/30/2017 0:00
886982,GS,GOLDMAN SACHS GROUP INC,Investment Banking & Brokerage Services,Financials,6211,www.gs.com,8.60165E+11,0,7398000000,16.29,4/21/2017 0:00
773840,HON,HONEYWELL INTERNATIONAL INC,Industrial Conglomerates,Industrials,3714,http://www.honeywell.com/,54146000000,39302000000,4809000000,6.2,3/31/2017 0:00
1341439,ORCL,ORACLE CORP,Software,Technology,7372,,1.1218E+11,37047000000,8901000000,2.07,3/13/2017 0:00
895421,MS,MORGAN STANLEY,Investment Banking & Brokerage Services,Financials,6211,http://www.morganstanley.com,8.14949E+11,0,5979000000,2.92,5/1/2017 0:00
701221,CI,CIGNA CORP,Managed Healthcare,Healthcare,6324,http://www.cigna.com,59360000000,39668000000,1867000000,7.19,4/14/2017 0:00
100517,UAL,"UNITED CONTINENTAL HOLDINGS, INC.",Airlines,Industrials,4512,,40140000000,36556000000,2263000000,6.85,4/12/2017 0:00
899051,ALL,ALLSTATE CORP,Property & Casualty Insurance,Financials,6331,http://www.allstate.com/,1.0861E+11,36534000000,1877000000,4.67,4/18/2017 0:00
913760,INTL,INTL FCSTONE INC.,Corporate Financial Services,Financials,6200,www.intlfcstone.com,5951300000,0,54700000,2.9,5/8/2017 0:00
897429,CHS,CHICOS FAS INC,Apparel & Accessories Retailers,Consumer Cyclicals,5621,http://www.chicos.com,1108994000,2476410000,91229000,0.69,2/24/2017 0:00
4962,AXP,AMERICAN EXPRESS CO,Consumer Lending,Financials,6199,www.americanexpress.com,1.58893E+11,0,5408000000,5.65,4/21/2017 0:00
882095,GILD,GILEAD SCIENCES INC,Biotechnology & Medical Research,Healthcare,2836,http://www.gilead.com/wt/home,56977000000,30390000000,13501000000,9.94,4/28/2017 0:00
40533,GD,GENERAL DYNAMICS CORP,Aerospace & Defense,Industrials,3730,http://www.gendyn.com/,32872000000,31353000000,2955000000,9.52,4/2/2017 0:00
109198,TJX,TJX COMPANIES INC /DE/,Discount Stores,Consumer Cyclicals,5651,http://www.tjx.com,12883808000,33183744000,2298234000,3.46,2/25/2017 0:00
1163165,COP,CONOCOPHILLIPS,Oil & Gas Exploration and Production,Energy,2911,http://www.conocophillips.com/,89772000000,23693000000,-3615000000,-2.91,3/31/2017 0:00
320187,NKE,NIKE INC,Footwear,Consumer Cyclicals,3021,http://www.nike.com/,21396000000,32376000000,3760000000,2.16,3/31/2017 0:00
789460,INT,WORLD FUEL SERVICES CORP,Oil & Gas Refining and Marketing,Energy,5172,www.wfscorp.com,5412700000,27015800000,126500000,1.81,4/20/2017 0:00
66740,MMM,3M CO,Industrial Conglomerates,Industrials,3841,www.mmm.com,32906000000,30109000000,5050000000,8.16,3/31/2017 0:00
1103982,MDLZ,"MONDELEZ INTERNATIONAL, INC.",Food Processing,Consumer Non-Cyclicals,2000,www.kraftfoods.com,61538000000,25923000000,1659000000,1.05,4/28/2017 0:00
1109357,EXC,EXELON CORP,Electric Utilities,Utilities,4931,http://www.exeloncorp.com,1.14904E+11,31360000000,1134000000,1.22,3/31/2017 0:00
1308161,FOXA,"TWENTY-FIRST CENTURY FOX, INC.",Entertainment Production,Consumer Cyclicals,4841,http://www.newscorp.com/,48365000000,27326000000,2755000000,1.42,5/5/2017 0:00
315189,DE,DEERE & CO,Heavy Machinery & Vehicles,Industrials,3523,http://www.deere.com,57981400000,26644000000,1523900000,4.81,1/29/2017 0:00
50104,TSO,TESORO CORP /NEW/,Oil & Gas Refining and Marketing,Energy,2911,http://www.tsocorp.com,20398000000,24582000000,734000000,6.12,5/4/2017 0:00
1105705,TWX,TIME WARNER INC.,Entertainment Production,Consumer Cyclicals,4841,http://www.timewarner.com,65966000000,29318000000,3926000000,4.96,4/28/2017 0:00
30554,DD,DUPONT E I DE NEMOURS & CO,Industrial Conglomerates,Industrials,2820,http://www.dupont.com,39964000000,24594000000,2513000000,2.85,4/17/2017 0:00
8858,AVT,AVNET INC,Electronic Equipment & Parts,Technology,5065,http://www.avnet.com,11239805000,26219279000,506531000,3.8,4/20/2017 0:00
794367,M,"MACY'S, INC.",Department Stores,Consumer Cyclicals,5311,http://www.federated-fds.com,19851000000,25778000000,619000000,1.99,2/24/2017 0:00
1061219,EPD,ENTERPRISE PRODUCTS PARTNERS L P,Oil & Gas Transportation Services,Energy,4922,www.epplp.com,52194000000,23022300000,2513100000,1.2,4/28/2017 0:00
86312,TRV,"TRAVELERS COMPANIES, INC.",Property & Casualty Insurance,Financials,6331,www.stpaul.com,1.00245E+11,27625000000,3014000000,10.28,4/17/2017 0:00
1413329,PM,PHILIP MORRIS INTERNATIONAL INC.,Tobacco,Consumer Non-Cyclicals,2111,,36851000000,74953000000,6967000000,4.48,4/24/2017 0:00
84129,RAD,RITE AID CORP,Drug Retailers,Consumer Non-Cyclicals,5912,www.riteaid.com,11593752000,32845073000,4053000,0,4/17/2017 0:00
790703,TECD,TECH DATA CORP,Computer & Electronics Retailers,Consumer Cyclicals,5045,www.techdata.com,7931866000,26234876000,195095000,5.51,3/15/2017 0:00
63908,MCD,MCDONALDS CORP,Restaurants & Bars,Consumer Cyclicals,5812,http://www.mcdonalds.com,31023900000,24621900000,4686500000,5.44,3/31/2017 0:00
804328,QCOM,QUALCOMM INC/DE,Communications & Networking,Technology,3663,www.qualcomm.com,52359000000,23554000000,5705000000,3.81,4/17/2017 0:00
1310067,SHLD,SEARS HOLDINGS CORP,Department Stores,Consumer Cyclicals,5311,http://www.searsholdings.com/,9362000000,22138000000,-2221000000,-20.78,3/16/2017 0:00
927628,COF,CAPITAL ONE FINANCIAL CORP,Consumer Lending,Financials,6021,www.capitalone.com,3.57033E+11,0,3751000000,6.89,4/28/2017 0:00
1326160,DUK,DUKE ENERGY CORP,Electric Utilities,Utilities,4931,,1.32761E+11,22743000000,2152000000,3.11,3/31/2017 0:00
45012,HAL,HALLIBURTON CO,Oil Related Services and Equipment,Energy,1389,www.halliburton.com,27000000000,15887000000,-5763000000,-6.69,4/21/2017 0:00
1133421,NOC,NORTHROP GRUMMAN CORP /DE/,Aerospace & Defense,Industrials,3812,http://www.northropgrumman.com,25614000000,24508000000,2200000000,12.19,4/21/2017 0:00
7536,ARW,ARROW ELECTRONICS INC,Semiconductors,Technology,5065,www.arrow.com,14206366000,23825261000,522750000,5.68,3/1/2017 0:00
1047122,RTN,RAYTHEON CO/,Aerospace & Defense,Industrials,3812,www.raytheon.com,30052000000,24069000000,2211000000,7.44,4/24/2017 0:00
1581990,PAGP,PLAINS GP HOLDINGS LP,Oil & Gas Transportation Services,Energy,4610,www.paagp.com,26103000000,20182000000,94000000,0.94,5/1/2017 0:00
1551152,ABBV,ABBVIE INC.,Pharmaceuticals,Healthcare,2834,www.abbvie.com,66099000000,25638000000,5953000000,3.63,4/24/2017 0:00
1071739,CNC,CENTENE CORP,Managed Healthcare,Healthcare,6324,www.centene.com,20197000000,40607000000,562000000,3.43,4/14/2017 0:00
1108109,CYH,COMMUNITY HEALTH SYSTEMS INC,Healthcare Facilities & Services,Healthcare,8062,www.chs.net,21944000000,18438000000,-1721000000,-15.54,4/25/2017 0:00
4281,ARNC,ARCONIC INC.,Aluminum,Basic Materials,3350,http://www.alcoa.com/,20038000000,12394000000,-941000000,-2.31,4/21/2017 0:00
51434,IP,INTERNATIONAL PAPER CO /NEW/,Paper Packaging,Basic Materials,2621,http://www.ipaper.com,33345000000,21079000000,904000000,2.18,4/28/2017 0:00
32604,EMR,EMERSON ELECTRIC CO,Electrical Components & Equipment,Industrials,3600,http://www.gotoemerson.com,21743000000,14522000000,1635000000,2.52,4/30/2017 0:00
100885,UNP,UNION PACIFIC CORP,Ground Freight & Logistics,Industrials,4011,http://www.up.com,55718000000,19941000000,4233000000,5.07,4/21/2017 0:00
318154,AMGN,AMGEN INC,Biotechnology & Medical Research,Healthcare,2836,http://www.amgen.com/,77626000000,22991000000,7722000000,10.24,4/18/2017 0:00
36104,USB,US BANCORP \DE\,Banks,Financials,6021,http://www.usbank.com,4.45964E+11,0,5888000000,3.24,4/30/2017 0:00
791519,SPLS,STAPLES INC,Other Specialty Retailers,Consumer Cyclicals,5940,www.staples.com,8271000000,18247000000,-1497000000,-2.31,5/14/2017 0:00
313616,DHR,DANAHER CORP /DE/,Advanced Medical Equipment & Technology,Healthcare,3823,www.danaher.com,45295300000,16882400000,2553700000,3.65,4/14/2017 0:00
106640,WHR,WHIRLPOOL CORP /DE/,"Appliances, Tools & Housewares",Consumer Cyclicals,3630,http://www.whirlpoolcorp.com,19153000000,20718000000,888000000,11.5,4/21/2017 0:00
4977,AFL,AFLAC INC,Life & Health Insurance,Financials,6321,http://www.aflac.com/,1.29819E+11,22559000000,2659000000,6.42,4/25/2017 0:00
350698,AN,"AUTONATION, INC.","Auto Vehicles, Parts & Service Retailers",Consumer Cyclicals,5500,http://www.autonation.com,10060000000,21609000000,430500000,4.15,4/21/2017 0:00
80661,PGR,PROGRESSIVE CORP/OH/,Property & Casualty Insurance,Financials,6331,http://www.progressive.com/,33427500000,23439800000,1031000000,1.76,3/31/2017 0:00
1800,ABT,ABBOTT LABORATORIES,Pharmaceuticals,Healthcare,2834,http://www.abbott.com/,52666000000,20853000000,1400000000,0.94,3/31/2017 0:00
29534,DG,DOLLAR GENERAL CORP,Discount Stores,Consumer Cyclicals,5331,www.dollargeneral.com,11672298000,21986598000,1251133000,4.43,3/17/2017 0:00
70318,THC,TENET HEALTHCARE CORP,Healthcare Facilities & Services,Healthcare,8062,http://www.tenethealth.com,24701000000,19621000000,-192000000,-1.93,4/26/2017 0:00
59478,LLY,LILLY ELI & CO,Pharmaceuticals,Healthcare,2834,http://www.lilly.com,38805900000,21222100000,2737600000,2.58,4/24/2017 0:00
92380,LUV,SOUTHWEST AIRLINES CO,Airlines,Industrials,4512,http://www.southwest.com,23286000000,20425000000,2244000000,3.55,5/1/2017 0:00
1019849,PAG,"PENSKE AUTOMOTIVE GROUP, INC.","Auto Vehicles, Parts & Service Retailers",Consumer Cyclicals,5500,www.unitedauto.com,8861100000,20118500000,342900000,3.99,4/21/2017 0:00
871763,MAN,MANPOWERGROUP INC.,Employment Services,Industrials,7363,www.manpower.com,7574200000,19654100000,443700000,6.27,5/3/2017 0:00
885639,KSS,KOHLS CORP,Department Stores,Consumer Cyclicals,5311,http://www.kohls.com,13574000000,18686000000,556000000,3.11,3/8/2017 0:00
829224,SBUX,STARBUCKS CORP,Restaurants & Bars,Consumer Cyclicals,5810,http://www.starbucks.com,14329500000,21315900000,2817700000,1.9,4/26/2017 0:00
75362,PCAR,PACCAR INC,Heavy Machinery & Vehicles,Industrials,3711,http://www.paccar.com/,20638900000,16607100000,521700000,1.48,4/30/2017 0:00
26172,CMI,CUMMINS INC,"Auto, Truck & Motorcycle Parts",Consumer Cyclicals,3510,http://www.cummins.com,15011000000,17509000000,1394000000,8.23,4/2/2017 0:00
764180,MO,"ALTRIA GROUP, INC.",Tobacco,Consumer Non-Cyclicals,2111,http://www.altria.com/,45932000000,25744000000,14239000000,7.28,4/24/2017 0:00
108772,XRX,XEROX CORP,Business Support Services,Industrials,7389,http://www.xerox.com,16889000000,10771000000,-477000000,-0.49,3/31/2017 0:00
55785,KMB,KIMBERLY CLARK CORP,Personal Products,Consumer Non-Cyclicals,2670,http://www.kimberly-clark.com,14602000000,18202000000,2166000000,5.99,4/17/2017 0:00
874766,HIG,HARTFORD FINANCIAL SERVICES GROUP INC/DE,Multiline Insurance & Brokers,Financials,6331,www.thehartford.com,2.23432E+11,18300000000,896000000,2.27,4/25/2017 0:00
1637459,KHC,KRAFT HEINZ CO,Food Processing,Consumer Non-Cyclicals,2030,,1.2048E+11,26487000000,3632000000,2.81,4/29/2017 0:00
842162,LEA,LEAR CORP,"Auto, Truck & Motorcycle Parts",Consumer Cyclicals,3714,www.lear.com,9900600000,18557600000,975100000,13.33,4/21/2017 0:00
1124198,FLR,FLUOR CORP,Construction & Engineering,Industrials,1600,www.fluor.com,9216417000,19036525000,281401000,2,4/28/2017 0:00
868857,ACM,AECOM,Construction & Engineering,Industrials,8711,www.aecom.com,13726745000,17410825000,96109000,0.62,5/2/2017 0:00
1326801,FB,FACEBOOK INC,Internet Services,Technology,7370,www.facebook.com,64961000000,27638000000,10188000000,3.49,5/1/2017 0:00
898293,JBL,JABIL CIRCUIT INC,Semiconductors,Technology,3672,www.jabil.com,10322677000,18353086000,254095000,1.32,3/27/2017 0:00
18926,CTL,"CENTURYLINK, INC",Integrated Telecommunications Services,Telecommunication Services,4813,www.centurytel.com,47017000000,17470000000,626000000,1.16,4/27/2017 0:00
95521,SVU,SUPERVALU INC,Food Retail & Distribution,Consumer Non-Cyclicals,5141,www.supervalu.com,3580000000,12480000000,650000000,2.43,4/21/2017 0:00
40704,GIS,GENERAL MILLS INC,Food Processing,Consumer Non-Cyclicals,2040,www.generalmills.com,21712300000,16563100000,1697400000,2.77,3/14/2017 0:00
92122,SO,SOUTHERN CO,Electric Utilities,Utilities,4911,http://www.southerncompany.com/,1.09697E+11,19896000000,2493000000,2.55,3/31/2017 0:00
753308,NEE,NEXTERA ENERGY INC,Electric Utilities,Utilities,4911,www.fplgroup.com,89993000000,16155000000,2912000000,6.25,3/31/2017 0:00
97745,TMO,THERMO FISHER SCIENTIFIC INC.,Advanced Medical Equipment & Technology,Healthcare,3829,www.thermo.com,45907500000,18274100000,2021800000,5.1,4/1/2017 0:00
4904,AEP,AMERICAN ELECTRIC POWER CO INC,Electric Utilities,Utilities,4911,www.aep.com,63467700000,16380100000,610900000,1.24,4/27/2017 0:00
1004980,PCG,PG&E CORP,Electric Utilities,Utilities,4931,www.pgecorp.com,68598000000,17666000000,1407000000,2.78,4/24/2017 0:00
1504461,NGL,NGL ENERGY PARTNERS LP,Oil & Gas Refining and Marketing,Energy,5172,www.nglenergypartners.com,5560155000,11742110000,-198929000,-2.35,2/6/2017 0:00
14272,BMY,BRISTOL MYERS SQUIBB CO,Pharmaceuticals,Healthcare,2834,http://www.bms.com/,33707000000,19427000000,4457000000,2.65,3/31/2017 0:00
1398659,G,GENPACT LTD,Business Support Services,Industrials,8742,www.genpact.com,2885880000,2570756000,269684000,1.28,4/28/2017 0:00
73309,NUE,NUCOR CORP,Steel,Basic Materials,3312,http://www.nucor.com/,15223518000,16208122000,796271000,2.48,4/1/2017 0:00
713676,PNC,"PNC FINANCIAL SERVICES GROUP, INC.",Banks,Financials,6021,www.pncbank.com,3.6638E+11,0,3903000000,7.3,4/21/2017 0:00
723125,MU,MICRON TECHNOLOGY INC,Semiconductors,Technology,3674,http://www.micron.com,27540000000,12399000000,-276000000,-0.27,3/21/2017 0:00
21665,CL,COLGATE PALMOLIVE CO,Personal Products,Consumer Non-Cyclicals,2844,http://www.colgate.com,12123000000,15195000000,2441000000,2.72,3/31/2017 0:00
831259,FCX,FREEPORT-MCMORAN INC,Integrated  Mining,Basic Materials,1000,http://www.fcx.com,37317000000,14830000000,-4315000000,-3.16,4/28/2017 0:00
23217,CAG,CONAGRA BRANDS INC.,Food Processing,Consumer Non-Cyclicals,2000,www.conagrafoods.com,13390600000,11642900000,-677000000,-1.56,2/26/2017 0:00
39911,GPS,GAP INC,Apparel & Accessories Retailers,Consumer Cyclicals,5651,http://www.gapinc.com,7610000000,15516000000,676000000,1.69,3/14/2017 0:00
808362,BHI,BAKER HUGHES INC,Oil Related Services and Equipment,Energy,3533,www.bakerhughes.com,19034000000,9841000000,-2738000000,-6.31,4/18/2017 0:00
1390777,BK,BANK OF NEW YORK MELLON CORP,Investment Management & Fund Operators,Financials,6022,,3.33469E+11,0,3547000000,3.15,3/31/2017 0:00
935703,DLTR,DOLLAR TREE INC,Discount Stores,Consumer Cyclicals,5331,http://www.dollartree.com,15701600000,20719200000,896200000,3.78,3/23/2017 0:00
865436,WFM,WHOLE FOODS MARKET INC,Food Retail & Distribution,Consumer Non-Cyclicals,5411,www.wholefoods.com,6341000000,15724000000,507000000,1.55,5/12/2017 0:00
79879,PPG,PPG INDUSTRIES INC,Commodity Chemicals,Basic Materials,2851,http://www.ppg.com,15769000000,14751000000,877000000,3.28,3/31/2017 0:00
40987,GPC,GENUINE PARTS CO,"Auto, Truck & Motorcycle Parts",Consumer Cyclicals,5013,http://www.genpt.com/,8859400000,15339713000,687240000,4.59,3/31/2017 0:00
813762,IEP,ICAHN ENTERPRISES L.P.,Industrial Conglomerates,Industrials,3714,www.ielp.com,33335000000,17469000000,-1128000000,-8.07,5/9/2017 0:00
1618673,PFGC,PERFORMANCE FOOD GROUP CO,Food Retail & Distribution,Consumer Non-Cyclicals,5141,,3455400000,16104800000,68300000,0.7,5/3/2017 0:00
29989,OMC,OMNICOM GROUP INC.,Advertising & Marketing,Consumer Cyclicals,7311,http://www.omnicomgroup.com,23165400000,15416900000,1148600000,4.78,5/1/2017 0:00
1001082,DISH,DISH NETWORK CORP,Broadcasting,Consumer Cyclicals,4841,http://www.echostar.com,28091847000,15094562000,1449853000,3.05,4/21/2017 0:00
1031296,FE,FIRSTENERGY CORP,Electric Utilities,Utilities,4911,www.firstenergycorp.com,43148000000,14562000000,-6177000000,-14.49,3/31/2017 0:00
1110783,MON,MONSANTO CO /NEW/,Agricultural Chemicals,Basic Materials,2870,www.monsanto.com,19736000000,13502000000,1336000000,2.99,4/3/2017 0:00
874761,AES,AES CORP,Electric Utilities,Utilities,4991,www.aes.com,36119000000,13586000000,-1130000000,-1.71,5/1/2017 0:00
1170010,KMX,CARMAX INC,"Auto Vehicles, Parts & Service Retailers",Consumer Cyclicals,5500,http://www.carmax.com,16279356000,15875118000,626970000,3.26,3/31/2017 0:00
1013871,NRG,"NRG ENERGY, INC.",Electric Utilities,Utilities,4911,www.nrgenergy.com/investor/corpgov.htm,30355000000,12351000000,-774000000,-2.22,4/30/2017 0:00
106040,WDC,WESTERN DIGITAL CORP,Computer Hardware,Technology,3572,www.westerndigital.com,32862000000,12994000000,242000000,1,5/3/2017 0:00
1048286,MAR,MARRIOTT INTERNATIONAL INC /MD/,"Hotels, Motels & Cruise Lines",Consumer Cyclicals,7011,http://marriott.com/default.mi,24140000000,17072000000,780000000,2.64,4/26/2017 0:00
800240,ODP,OFFICE DEPOT INC,Other Specialty Retailers,Consumer Cyclicals,5940,http://www.officedepot.com,5540000000,11021000000,529000000,0.97,4/1/2017 0:00
72333,JWN,NORDSTROM INC,Department Stores,Consumer Cyclicals,5651,http://www.nordstrom.com/,7858000000,14757000000,354000000,2.02,3/7/2017 0:00
1506307,KMI,"KINDER MORGAN, INC.",Oil & Gas Transportation Services,Energy,4922,,80305000000,13058000000,708000000,0.25,4/20/2017 0:00
1584509,ARMK,ARAMARK,Restaurants & Bars,Consumer Cyclicals,5812,www.aramark.com,10582072000,14415829000,287806000,1.16,4/28/2017 0:00
927066,DVA,DAVITA INC.,Healthcare Facilities & Services,Healthcare,8090,http://www.davita.com,18741257000,14745105000,879874000,4.29,4/28/2017 0:00
1179929,MOH,MOLINA HEALTHCARE INC,Healthcare Facilities & Services,Healthcare,6324,www.molinahealthcare.com,7449000000,17782000000,52000000,0.92,4/28/2017 0:00
1279363,WCG,"WELLCARE HEALTH PLANS, INC.",Managed Healthcare,Healthcare,6324,www.wellcare.com,6152800000,14237100000,242100000,5.43,5/1/2017 0:00
813828,CBS,CBS CORP,Broadcasting,Consumer Cyclicals,4833,http://www.viacom.com,24238000000,13166000000,1261000000,2.81,4/28/2017 0:00
1403161,V,VISA INC.,Internet Services,Technology,7389,www.visa.com,64035000000,15082000000,5991000000,2.48,4/14/2017 0:00
59558,LNC,LINCOLN NATIONAL CORP,Life & Health Insurance,Financials,6311,www.lfg.com,2.61627E+11,13330000000,1192000000,5,5/1/2017 0:00
31462,ECL,ECOLAB INC.,Specialty Chemicals,Basic Materials,2840,http://www.ecolab.com/,18330200000,13152800000,1229600000,4.14,3/31/2017 0:00
55067,K,KELLOGG CO,Food Processing,Consumer Non-Cyclicals,2040,http://www.kelloggcompany.com,15111000000,13014000000,694000000,1.96,4/29/2017 0:00
1043277,CHRW,C H ROBINSON WORLDWIDE INC,Ground Freight & Logistics,Industrials,4731,www.gener.com,3687758000,13144413000,513384000,3.59,5/5/2017 0:00
217346,TXT,TEXTRON INC,Aerospace & Defense,Industrials,3720,www.textron.com,15358000000,13788000000,962000000,3.53,4/14/2017 0:00
60086,L,LOEWS CORP,Property & Casualty Insurance,Financials,6331,www.loews.com,76594000000,13105000000,654000000,1.93,4/21/2017 0:00
49826,ITW,ILLINOIS TOOL WORKS INC,Industrial Conglomerates,Industrials,3560,http://www.itwinc.com,15201000000,13599000000,2035000000,5.7,3/31/2017 0:00
1177394,SNX,SYNNEX CORP,Computer Hardware,Technology,5045,www.synnex.com,5223263000,14061837000,234946000,5.88,3/28/2017 0:00
48039,HFC,HOLLYFRONTIER CORP,Oil & Gas Refining and Marketing,Energy,2911,http://www.hollycorp.com,9435661000,10535700000,-260453000,-1.48,4/28/2017 0:00
798081,LAKE,LAKELAND INDUSTRIES INC,Apparel & Accessories,Consumer Cyclicals,3842,www.lakeland.com,84554000,86183000,3893000,0.53,4/24/2017 0:00
1090012,DVN,DEVON ENERGY CORP/DE,Oil & Gas Exploration and Production,Energy,1311,http://www.devonenergy.com/,25913000000,12197000000,-3302000000,-6.52,4/19/2017 0:00
1534504,PBF,PBF ENERGY INC.,Oil & Gas Refining and Marketing,Energy,2911,www.pbfenergy.com,7621927000,15920424000,170811000,1.74,5/2/2017 0:00
1041061,YUM,YUM BRANDS INC,Restaurants & Bars,Consumer Cyclicals,5812,http://www.yum.com/,5478000000,6366000000,1619000000,4.04,5/2/2017 0:00
97476,TXN,TEXAS INSTRUMENTS INC,Semiconductors,Technology,3674,http://www.ti.com/,16431000000,13370000000,3595000000,3.48,4/25/2017 0:00
1402057,CDW,CDW CORP,IT Services & Consulting,Technology,5961,www.cdw.com,6948400000,13981900000,424400000,2.56,4/27/2017 0:00
823768,WM,WASTE MANAGEMENT INC,Environmental Services & Equipment,Industrials,4953,www.wm.com,20859000000,13609000000,1182000000,2.65,4/20/2017 0:00
62709,MMC,"MARSH & MCLENNAN COMPANIES, INC.",Multiline Insurance & Brokers,Financials,6411,http://www.marshmac.com,18190000000,13211000000,1768000000,3.38,4/25/2017 0:00
895126,CHK,CHESAPEAKE ENERGY CORP,Oil & Gas Exploration and Production,Energy,1311,www.chkenergy.com,13028000000,7872000000,-4401000000,-6.45,4/24/2017 0:00
76334,PH,PARKER HANNIFIN CORP,Industrial Machinery & Equipment,Industrials,3490,www.parker.com,12056738000,11360753000,806840000,5.89,3/31/2017 0:00
797468,OXY,OCCIDENTAL PETROLEUM CORP /DE/,Oil & Gas Exploration and Production,Energy,1311,http://www.oxy.com,43109000000,10090000000,-574000000,-0.75,3/31/2017 0:00
1166126,JCP,J C PENNEY CO INC,Department Stores,Consumer Cyclicals,5311,www.jcpenney.com,9314000000,12547000000,1000000,0,3/20/2017 0:00
1047862,ED,CONSOLIDATED EDISON INC,Electric Utilities,Utilities,4931,www.conedison.com,48255000000,12075000000,1245000000,4.12,4/28/2017 0:00
1058290,CTSH,COGNIZANT TECHNOLOGY SOLUTIONS CORP,IT Services & Consulting,Technology,7371,www.cognizant.com,14262000000,13487000000,1553000000,2.55,4/28/2017 0:00
103379,VFC,V F CORP,Apparel & Accessories,Consumer Cyclicals,2320,http://www.vfc.com/,9739287000,12019003000,1074106000,2.54,4/29/2017 0:00
820027,AMP,AMERIPRISE FINANCIAL INC,Investment Management & Fund Operators,Financials,6282,http://www.ameriprise.com/,1.39821E+11,11735000000,1314000000,7.81,4/21/2017 0:00
701985,LB,"L BRANDS, INC.",Apparel & Accessories Retailers,Consumer Cyclicals,5621,www.limitedbrands.com,8170000000,12574000000,1158000000,3.98,3/10/2017 0:00
52988,JEC,JACOBS ENGINEERING GROUP INC /DE/,Construction & Engineering,Industrials,1600,http://www.jacobs.com,7360022000,10964157000,210463000,1.73,4/28/2017 0:00
1126328,PFG,PRINCIPAL FINANCIAL GROUP INC,Life & Health Insurance,Financials,6321,http://www.principal.com,2.28014E+11,12394100000,1316500000,4.5,4/26/2017 0:00
745732,ROST,ROSS STORES INC,Apparel & Accessories Retailers,Consumer Cyclicals,5651,http://www.rossstores.com/,5309351000,12866757000,1117654000,2.83,3/6/2017 0:00
886158,BBBY,BED BATH & BEYOND INC,Home Furnishings Retailers,Consumer Cyclicals,5700,http://www.bedbathandbeyond.com/,6846029000,12215757000,685108000,4.58,3/25/2017 0:00
277948,CSX,CSX CORP,Ground Freight & Logistics,Industrials,4011,www.csx.com,35414000000,11069000000,1714000000,1.81,3/31/2017 0:00
1300514,LVS,LAS VEGAS SANDS CORP,Casinos & Gaming,Consumer Cyclicals,7011,www.venetian.com,20469000000,11410000000,1670000000,2.1,5/3/2017 0:00
96223,LUK,LEUCADIA NATIONAL CORP,Holding Companies,Financials,2011,http://www.leucadia.com/,45071307000,9431271000,130001000,0.34,4/26/2017 0:00
715957,D,DOMINION ENERGY INC /VA/,Electric Utilities,Utilities,4911,www.domres.com,71610000000,11737000000,2123000000,3.44,4/14/2017 0:00
1163302,X,UNITED STATES STEEL CORP,Steel,Basic Materials,3312,www.ussteel.com,9160000000,10261000000,-440000000,-2.81,4/20/2017 0:00
1039101,LLL,"L3 TECHNOLOGIES, INC.",Aerospace & Defense,Industrials,3663,,11865000000,10511000000,710000000,9.01,4/21/2017 0:00
827052,EIX,EDISON INTERNATIONAL,Electric Utilities,Utilities,4911,www.edison.com,51319000000,11869000000,1434000000,3.97,4/28/2017 0:00
8670,ADP,AUTOMATIC DATA PROCESSING INC,IT Services & Consulting,Technology,7374,http://www.adp.com,43670000000,11667800000,1492500000,3.25,4/28/2017 0:00
883980,FDC,FIRST DATA CORP,Business Support Services,Industrials,7389,http://www.firstdatacorp.com,40292000000,11584000000,420000000,0.46,5/1/2017 0:00
1364742,BLK,BLACKROCK INC.,Investment Management & Fund Operators,Financials,6211,,2.20177E+11,0,3172000000,19.04,4/30/2017 0:00
1636023,WRK,WESTROCK CO,Paper Packaging,Basic Materials,2650,,23038200000,14171800000,-396300000,-1.54,4/24/2017 0:00
1535929,VOYA,"VOYA FINANCIAL, INC.",Life & Health Insurance,Financials,6311,www.ing.us,2.14235E+11,10782200000,-428000000,-2.13,4/28/2017 0:00
89800,SHW,SHERWIN WILLIAMS CO,Commodity Chemicals,Basic Materials,5200,http://www.sherwin-williams.com,6752521000,11855602000,1132703000,11.99,3/31/2017 0:00
1585689,HLT,HILTON WORLDWIDE HOLDINGS INC.,"Hotels, Motels & Cruise Lines",Consumer Cyclicals,7011,www.hiltonworldwide.com,26211000000,11663000000,348000000,1.05,4/26/2017 0:00
29669,RRD,RR DONNELLEY & SONS CO,Commercial Printing Services,Industrials,2750,www.rrdonnelley.com,4284700000,6895700000,-495900000,-7.09,4/28/2017 0:00
93556,SWK,"STANLEY BLACK & DECKER, INC.",Industrial Machinery & Equipment,Industrials,3420,http://www.stanleyworks.com,15634900000,11406900000,965300000,6.51,4/17/2017 0:00
72903,XEL,XCEL ENERGY INC,Electric Utilities,Utilities,4931,www.xcelenergy.com,41155277000,11106920000,1123379000,2.21,4/24/2017 0:00
1573516,MUSA,MURPHY USA INC.,Oil & Gas Refining and Marketing,Energy,5500,,2088740000,11594553000,221492000,5.59,3/31/2017 0:00
1138118,CBG,"CBRE GROUP, INC.",Real Estate Services,Financials,6500,www.cbre.com,10779587000,13071589000,571973000,1.69,4/30/2017 0:00
882184,DHI,HORTON D R INC /DE/,Homebuilding,Consumer Cyclicals,1531,http://www.drhorton.com,11558900000,12157400000,886300000,2.36,4/19/2017 0:00
1001250,EL,ESTEE LAUDER COMPANIES INC,Personal Products,Consumer Non-Cyclicals,2844,www.elcompanies.com,9223300000,11262300000,1114600000,2.96,4/26/2017 0:00
884905,PX,PRAXAIR INC,Commodity Chemicals,Basic Materials,2810,http://www.praxair.com,19332000000,10534000000,1500000000,5.21,3/31/2017 0:00
875045,BIIB,BIOGEN INC.,Pharmaceuticals,Healthcare,2836,www.idecpharm.com,22876800000,11448800000,3702800000,16.93,4/21/2017 0:00
93751,STT,STATE STREET CORP,Investment Management & Fund Operators,Financials,6022,www.statestreet.com,2.42698E+11,0,2143000000,4.97,4/30/2017 0:00
5513,UNM,UNUM GROUP,Life & Health Insurance,Financials,6321,http://www.unum.com/,61941500000,11046500000,931400000,3.95,4/25/2017 0:00
1275283,RAI,REYNOLDS AMERICAN INC,Tobacco,Consumer Non-Cyclicals,2111,http://www.rjrt.com,51095000000,12503000000,6073000000,4.25,4/13/2017 0:00
1031203,GPI,GROUP 1 AUTOMOTIVE INC,"Auto Vehicles, Parts & Service Retailers",Consumer Cyclicals,5500,www.group1auto.com,4461903000,10887612000,147065000,6.67,4/28/2017 0:00
1000228,HSIC,HENRY SCHEIN INC,"Medical Equipment, Supplies & Distribution",Healthcare,5047,http://www.henryschein.com,6730396000,11571668000,506778000,6.19,5/3/2017 0:00
1364479,HRI,HERC HOLDINGS INC,"Passenger Transportation, Ground & Sea",Industrials,7350,www.hertz.com,3463300000,1554800000,-19700000,-0.7,5/5/2017 0:00
702165,NSC,NORFOLK SOUTHERN CORP,Ground Freight & Logistics,Industrials,4011,http://www.nscorp.com,34892000000,9888000000,1668000000,5.62,3/31/2017 0:00
898174,RGA,REINSURANCE GROUP OF AMERICA INC,Reinsurance,Financials,6311,www.rgare.com,53097879000,11521511000,701443000,10.79,4/30/2017 0:00
788784,PEG,PUBLIC SERVICE ENTERPRISE GROUP INC,Electric Utilities,Utilities,4931,www.pseg.com,40070000000,9061000000,887000000,1.75,4/18/2017 0:00
92230,BBT,BB&T CORP,Banks,Financials,6021,www.bbandt.com,2.19276E+11,0,2426000000,2.77,3/31/2017 0:00
936340,DTE,DTE ENERGY CO,Electric Utilities,Utilities,4911,www.dteenergy.com,32041000000,10630000000,868000000,4.83,3/31/2017 0:00
1267238,AIZ,ASSURANT INC,Multiline Insurance & Brokers,Financials,6321,www.us.fortis.com,29709128000,7531780000,565350000,9.13,4/28/2017 0:00
1323468,GLP,GLOBAL PARTNERS LP,Oil & Gas Refining and Marketing,Energy,5171,www.globalp.com,2564020000,8239639000,-199412000,-5.91,5/4/2017 0:00
1307954,HUN,HUNTSMAN CORP,Specialty Chemicals,Basic Materials,2800,www.huntsman.com,9189000000,9657000000,326000000,1.36,4/19/2017 0:00
10795,BDX,BECTON DICKINSON & CO,"Medical Equipment, Supplies & Distribution",Healthcare,3841,www.bd.com,25586000000,12483000000,977000000,4.49,3/31/2017 0:00
1032208,SRE,SEMPRA ENERGY,Multiline Utilities,Utilities,4932,http://www.sempra.com,47786000000,10183000000,1371000000,5.46,5/3/2017 0:00
866787,AZO,AUTOZONE INC,"Auto Vehicles, Parts & Service Retailers",Consumer Cyclicals,5531,http://www.autozone.com,8599787000,10635676000,1241007000,40.7,3/17/2017 0:00
808450,NAV,NAVISTAR INTERNATIONAL CORP,Heavy Machinery & Vehicles,Industrials,3711,http://www.navistar.com,5653000000,8111000000,-97000000,-1.19,2/28/2017 0:00
1393612,DFS,DISCOVER FINANCIAL SERVICES,Consumer Lending,Financials,6141,,92308000000,0,2393000000,5.77,4/28/2017 0:00
1355096,QVCA,LIBERTY INTERACTIVE CORP,Department Stores,Consumer Cyclicals,5961,,20355000000,10647000000,1235000000,0.98,4/30/2017 0:00
277135,GWW,GRAINGER W W INC,Industrial Machinery & Equipment,Industrials,5000,http://www.grainger.com,5694307000,10137204000,605928000,9.87,3/31/2017 0:00
10456,BAX,BAXTER INTERNATIONAL INC,"Medical Equipment, Supplies & Distribution",Healthcare,3841,www.baxter.com,15546000000,10163000000,4965000000,9.01,4/30/2017 0:00
310764,SYK,STRYKER CORP,"Medical Equipment, Supplies & Distribution",Healthcare,3841,http://www.stryker.com/,20435000000,11325000000,1647000000,4.35,3/31/2017 0:00
2969,APD,AIR PRODUCTS & CHEMICALS INC /DE/,Commodity Chemicals,Basic Materials,2810,http://www.airproducts.com,18055300000,9524400000,631100000,2.89,3/31/2017 0:00
1339048,WNR,"WESTERN REFINING, INC.",Oil & Gas Refining and Marketing,Energy,2911,www.westernrefining.com,5560397000,7743213000,124939000,1.24,4/28/2017 0:00
352915,UHS,UNIVERSAL HEALTH SERVICES INC,Healthcare Facilities & Services,Healthcare,8062,http://www.uhsinc.com/,10317802000,9766210000,702409000,7.14,4/30/2017 0:00
75252,OMI,OWENS & MINOR INC/VA/,"Medical Equipment, Supplies & Distribution",Healthcare,5047,http://www.owens-minor.com,2717752000,9723431000,108787000,1.76,4/28/2017 0:00
1091667,CHTR,"CHARTER COMMUNICATIONS, INC. /MO/",Broadcasting,Consumer Cyclicals,4841,www.chartercom.com,1.49067E+11,29003000000,3522000000,15.94,3/31/2017 0:00
1158449,AAP,ADVANCE AUTO PARTS INC,"Auto Vehicles, Parts & Service Retailers",Consumer Cyclicals,5531,www.advanceautoparts.com,8315033000,9567679000,459622000,6.2,2/23/2017 0:00
1141391,MA,MASTERCARD INC,Internet Services,Technology,7389,www.mastercard.com,18675000000,10776000000,4059000000,3.69,4/27/2017 0:00
6951,AMAT,APPLIED MATERIALS INC /DE,Semiconductor Equipment & Testing,Technology,3674,http://www.appliedmaterials.com/,14588000000,10825000000,1721000000,1.54,1/29/2017 0:00
915389,EMN,EASTMAN CHEMICAL CO,Commodity Chemicals,Basic Materials,2821,http://www.eastman.com,15457000000,9008000000,854000000,5.75,3/31/2017 0:00
1043509,SAH,SONIC AUTOMOTIVE INC,"Auto Vehicles, Parts & Service Retailers",Consumer Cyclicals,5500,www.sonicautomotive.com,3639336000,9731779000,93193000,2.03,4/24/2017 0:00
40729,ALLY,ALLY FINANCIAL INC.,Consumer Lending,Financials,6172,www.ally.com,1.63728E+11,0,1067000000,2.15,5/2/2017 0:00
1562039,CST,"CST BRANDS, INC.",Oil & Gas Refining and Marketing,Energy,5500,www.cstbrands.com,4360000000,11106000000,324000000,4.24,5/4/2017 0:00
1065088,EBAY,EBAY INC,Internet Services,Technology,7389,www.ebay.com,23847000000,8979000000,7266000000,6.35,4/17/2017 0:00
920760,LEN,LENNAR CORP /NEW/,Homebuilding,Consumer Cyclicals,1520,http://www.lennar.com/,15361781000,10949999000,911844000,3.93,3/31/2017 0:00
1326380,GME,GAMESTOP CORP.,Computer & Electronics Retailers,Consumer Cyclicals,5734,www.gamestop.com,4975900000,8607900000,353200000,3.4,3/16/2017 0:00
861884,RS,RELIANCE STEEL & ALUMINUM CO,Steel,Basic Materials,5051,www.rsac.com,7411300000,8613400000,304300000,4.16,5/1/2017 0:00
48465,HRL,HORMEL FOODS CORP /DE/,Food Processing,Consumer Non-Cyclicals,2011,http://www.hormel.com,6370067000,9523224000,890052000,1.64,3/5/2017 0:00
816284,CELG,CELGENE CORP /DE/,Biotechnology & Medical Research,Healthcare,2834,www.celgene.com,28085600000,11229200000,1999200000,2.49,4/20/2017 0:00
1276520,GNW,GENWORTH FINANCIAL INC,Multiline Insurance & Brokers,Financials,6311,www.genworth.com,1.04658E+11,8369000000,-277000000,-0.5,4/27/2017 0:00
1633917,PYPL,"PAYPAL HOLDINGS, INC.",Internet Services,Technology,7389,,33103000000,10842000000,1401000000,1.15,4/21/2017 0:00
1075531,PCLN,PRICELINE GROUP INC.,Leisure & Recreation,Consumer Cyclicals,7389,www.priceline.com,19838973000,10743006000,2134987000,42.65,5/2/2017 0:00
789570,MGM,MGM RESORTS INTERNATIONAL,Casinos & Gaming,Consumer Cyclicals,7011,http://www.mgm-mirage.com,28173301000,9455123000,1101440000,1.92,5/4/2017 0:00
1034670,ALV,AUTOLIV INC,"Auto, Truck & Motorcycle Parts",Consumer Cyclicals,3714,http://www.autoliv.com,8234400000,10073600000,567100000,6.42,4/24/2017 0:00
1331875,FNF,"FIDELITY NATIONAL FINANCIAL, INC.",Property & Casualty Insurance,Financials,6361,http://www.fntg.com/,14025000000,9554000000,650000000,0,4/30/2017 0:00
1060391,RSG,"REPUBLIC SERVICES, INC.",Environmental Services & Equipment,Industrials,4953,http://www.republicservices.com/,20629600000,9387700000,612600000,1.78,4/20/2017 0:00
24741,GLW,CORNING INC /NY,Electronic Equipment & Parts,Technology,3357,www.corning.com,27899000000,9390000000,3695000000,3.23,4/13/2017 0:00
1494319,UNVR,UNIVAR INC.,Commodity Chemicals,Basic Materials,5160,www.univarcorp.com,5389900000,8073700000,-68400000,-0.5,4/25/2017 0:00
1285785,MOS,MOSAIC CO,Agricultural Chemicals,Basic Materials,2870,http://www.mosaicco.com/,16840700000,7162800000,297800000,0.85,4/28/2017 0:00
1318084,CORE,"CORE-MARK HOLDING COMPANY, INC.",Air Freight & Logistics,Industrials,5141,http://www.core-mark.com,1497000000,14529400000,54200000,1.17,5/5/2017 0:00
1573097,HDS,"HD SUPPLY HOLDINGS, INC.",Diversified Trading & Distributing,Industrials,5000,www.hdsupply.com,5707000000,7439000000,196000000,0.97,3/10/2017 0:00
1219601,CCK,CROWN HOLDINGS INC,Non-Paper Containers & Packaging,Basic Materials,3411,http://www.crowncork.com,9599000000,8284000000,496000000,3.56,4/27/2017 0:00
821189,EOG,EOG RESOURCES INC,Oil & Gas Exploration and Production,Energy,1311,http://www.eogresources.com,29459433000,7650632000,-1096686000,-1.98,5/1/2017 0:00
1599489,VRTV,VERITIV CORP,Paper Products,Basic Materials,5110,,2483700000,8326600000,21000000,1.3,4/28/2017 0:00
773910,APC,ANADARKO PETROLEUM CORP,Oil & Gas Exploration and Production,Energy,1311,http://www.anadarko.com,45564000000,7869000000,-3071000000,-5.9,4/19/2017 0:00
920148,LH,LABORATORY CORP OF AMERICA HOLDINGS,Healthcare Facilities & Services,Healthcare,8071,www.labcorp.com,14247000000,9641800000,732100000,7.02,4/26/2017 0:00
1308161,FOXA,"TWENTY-FIRST CENTURY FOX, INC.",Entertainment Production,Consumer Cyclicals,4841,http://www.newscorp.com/,48365000000,27326000000,2755000000,1.42,5/5/2017 0:00
750556,STI,SUNTRUST BANKS INC,Banks,Financials,6021,http://www.suntrust.com,2.04875E+11,0,1878000000,3.6,4/28/2017 0:00
723612,CAR,"AVIS BUDGET GROUP, INC.","Passenger Transportation, Ground & Sea",Industrials,7510,http://www.cendant.com,16958000000,8659000000,163000000,1.75,4/30/2017 0:00
794323,LVLT,LEVEL 3 COMMUNICATIONS INC,Integrated Telecommunications Services,Telecommunication Services,4813,www.level3.com,24888000000,8172000000,677000000,1.87,5/3/2017 0:00
1024725,TEN,TENNECO INC,"Auto, Truck & Motorcycle Parts",Consumer Cyclicals,3714,www.tenneco.com,4342000000,8599000000,363000000,6.44,4/28/2017 0:00
1020859,UNFI,UNITED NATURAL FOODS INC,Food Retail & Distribution,Consumer Non-Cyclicals,5141,http://www.unfi.com/,2852155000,8470286000,125766000,2.5,3/3/2017 0:00
931336,DF,DEAN FOODS CO,Food Processing,Consumer Non-Cyclicals,2020,www.suizafoods.com,2606227000,7710226000,119929000,1.31,5/4/2017 0:00
16732,CPB,CAMPBELL SOUP CO,Food Processing,Consumer Non-Cyclicals,2000,http://www.campbellsoupcompany.com/,7837000000,7961000000,563000000,1.81,3/3/2017 0:00
851968,MHK,MOHAWK INDUSTRIES INC,Home Furnishings,Consumer Cyclicals,2273,http://www.mohawkind.com/,10230596000,8959087000,930362000,12.48,5/3/2017 0:00
908255,BWA,BORGWARNER INC,"Auto, Truck & Motorcycle Parts",Consumer Cyclicals,3714,www.bwauto.com,8834700000,9071000000,118500000,0.55,4/21/2017 0:00
78239,PVH,PVH CORP. /DE/,Apparel & Accessories,Consumer Cyclicals,2320,www.pvh.com,11067900000,8203100000,549000000,6.79,3/14/2017 0:00
9389,BLL,BALL CORP,Non-Paper Containers & Packaging,Basic Materials,3411,http://www.ball.com,16173000000,9061000000,263000000,1.63,4/30/2017 0:00
898173,ORLY,O REILLY AUTOMOTIVE INC,"Auto Vehicles, Parts & Service Retailers",Consumer Cyclicals,5531,http://www.oreillyauto.com,7204189000,8593096000,1037691000,10.73,5/1/2017 0:00
72741,ES,EVERSOURCE ENERGY,Electric Utilities,Utilities,4911,www.nu.com,32053173000,7639129000,942302000,2.96,4/30/2017 0:00
38777,BEN,FRANKLIN RESOURCES INC,Investment Management & Fund Operators,Financials,6282,http://www.franklintempleton.com,16098800000,0,1726700000,2.94,4/21/2017 0:00
62996,MAS,MASCO CORP /DE/,Construction Supplies & Fixtures,Consumer Cyclicals,2430,www.masco.com,5137000000,7357000000,491000000,1.47,3/31/2017 0:00
1023128,LAD,LITHIA MOTORS INC,"Auto Vehicles, Parts & Service Retailers",Consumer Cyclicals,5500,www.lithia.com,3844150000,8678157000,197058000,7.72,4/28/2017 0:00
1404912,KKR,KKR & CO. L.P.,Investment Management & Fund Operators,Financials,6282,www.kkr.com,39002897000,0,309307000,0.59,5/3/2017 0:00
1039684,OKE,ONEOK INC /NEW/,Oil & Gas Transportation Services,Energy,4923,www.oneok.com,16138751000,8920934000,352039000,1.66,4/24/2017 0:00
1164727,NEM,NEWMONT MINING CORP /DE/,Gold,Basic Materials,1040,www.newmont.com,21031000000,6711000000,-627000000,-1.18,4/17/2017 0:00
922224,PPL,PPL CORP,Multiline Utilities,Utilities,4911,http://www.pplweb.com/,38315000000,7517000000,1902000000,2.79,4/27/2017 0:00
877422,SPTN,SPARTANNASH CO,Food Retail & Distribution,Consumer Non-Cyclicals,5141,http://www.spartanstores.com,1930336000,7734600000,56828000,1.51,2/28/2017 0:00
1050915,PWR,QUANTA SERVICES INC,Construction & Engineering,Industrials,1731,www.quantaservices.com,5354059000,7651319000,198383000,1.26,5/3/2017 0:00
1166003,XPO,"XPO LOGISTICS, INC.",Ground Freight & Logistics,Industrials,4700,www.xpologistics.com,11698400000,14619400000,69000000,0.53,5/1/2017 0:00
1037038,RL,RALPH LAUREN CORP,Apparel & Accessories,Consumer Cyclicals,2320,www.polo.com,5652000000,6652800000,-99300000,-1.2,5/12/2017 0:00
51644,IPG,"INTERPUBLIC GROUP OF COMPANIES, INC.",Advertising & Marketing,Consumer Cyclicals,7311,www.interpublic.com,12485200000,7846600000,608500000,1.49,4/14/2017 0:00
1022671,STLD,STEEL DYNAMICS INC,Steel,Basic Materials,3312,www.steeldynamics.com,6423732000,7777109000,382115000,1.56,5/1/2017 0:00
929008,WCC,WESCO INTERNATIONAL INC,Electrical Components & Equipment,Industrials,5063,www.wescodist.com,4490984000,7336017000,101588000,2.1,5/4/2017 0:00
1022079,DGX,QUEST DIAGNOSTICS INC,Healthcare Facilities & Services,Healthcare,8071,http://www.questdiagnostics.com/,10100000000,7515000000,645000000,4.51,4/13/2017 0:00
885725,BSX,BOSTON SCIENTIFIC CORP,Advanced Medical Equipment & Technology,Healthcare,3841,http://www.bostonscientific.com,18096000000,8386000000,347000000,0.25,4/28/2017 0:00
880266,AGCO,AGCO CORP /DE,Heavy Machinery & Vehicles,Industrials,3523,www.agcocorp.com,7168400000,7410500000,160100000,1.96,5/5/2017 0:00
850209,FL,"FOOT LOCKER, INC.",Apparel & Accessories Retailers,Consumer Cyclicals,5661,http://www.footlocker-inc.com/,3840000000,7766000000,664000000,4.91,3/20/2017 0:00
47111,HSY,HERSHEY CO,Food Processing,Consumer Non-Cyclicals,2060,http://www.hersheyfoods.com,5524333000,7440181000,720044000,6.48,4/21/2017 0:00
1130310,CNP,CENTERPOINT ENERGY INC,Multiline Utilities,Utilities,4911,www.CenterPointEnergy.com,21829000000,7528000000,432000000,1,4/21/2017 0:00
107263,WMB,WILLIAMS COMPANIES INC,Oil & Gas Transportation Services,Energy,4922,www.williams.com,46835000000,7499000000,-424000000,-0.57,4/28/2017 0:00
1089063,DKS,DICKS SPORTING GOODS INC,Other Specialty Retailers,Consumer Cyclicals,5940,www.dickssportinggoods.com,4058296000,7921981000,287396000,2.56,3/20/2017 0:00
1335258,LYV,"LIVE NATION ENTERTAINMENT, INC.",Entertainment Production,Consumer Cyclicals,7900,www.livenation.com,6764266000,8354934000,2942000,-0.23,4/27/2017 0:00
11544,WRB,BERKLEY W R CORP,Property & Casualty Insurance,Financials,6331,www.wrberkley.com,23364844000,7654184000,601916000,4.68,5/2/2017 0:00
1065696,LKQ,LKQ CORP,"Auto, Truck & Motorcycle Parts",Consumer Cyclicals,5010,www.lkqcorp.com,8303199000,8584031000,463975000,1.5,4/21/2017 0:00
8868,AVP,AVON PRODUCTS INC,Personal Products,Consumer Non-Cyclicals,2844,http://www.avoncompany.com,3418900000,5717700000,-107600000,-0.28,3/31/2017 0:00
940944,DRI,DARDEN RESTAURANTS INC,Restaurants & Bars,Consumer Cyclicals,5812,http://www.dardenusa.com,4582600000,6933500000,375000000,2.9,3/15/2017 0:00
1060009,KND,"KINDRED HEALTHCARE, INC",Healthcare Facilities & Services,Healthcare,8050,www.kindredhealthcare.com,6112724000,7219519000,-664230000,-7.65,4/30/2017 0:00
106535,WY,WEYERHAEUSER CO,Specialized REITs,Financials,6798,www.weyerhaeuser.com,19243000000,6365000000,1027000000,1.39,4/21/2017 0:00
726958,CASY,CASEYS GENERAL STORES INC,Food Retail & Distribution,Consumer Non-Cyclicals,5500,http://www.caseys.com,2726148000,7122086000,225982000,5.73,3/1/2017 0:00
1012100,SEE,SEALED AIR CORP/DE,Non-Paper Containers & Packaging,Basic Materials,2820,www.sealedair.com,7389100000,6778300000,486400000,2.46,4/28/2017 0:00
35527,FITB,FIFTH THIRD BANCORP,Banks,Financials,6022,http://www.53.com,1.42177E+11,0,1564000000,1.93,4/30/2017 0:00
29905,DOV,DOVER CORP,Industrial Machinery & Equipment,Industrials,3530,http://www.dovercorporation.com,10115991000,6794342000,508892000,3.25,4/13/2017 0:00
1501585,HII,"HUNTINGTON INGALLS INDUSTRIES, INC.",Aerospace & Defense,Industrials,3730,,6352000000,7068000000,573000000,12.14,4/28/2017 0:00
1065280,NFLX,NETFLIX INC,Internet Services,Technology,7841,www.netflix.com,13586610000,8830669000,186678000,0.43,3/31/2017 0:00
28917,DDS,"DILLARD'S, INC.",Department Stores,Consumer Cyclicals,5311,http://www.dillards.com,3888136000,6418009000,169220000,4.93,2/25/2017 0:00
105634,EME,EMCOR GROUP INC,Construction & Engineering,Industrials,1731,http://www.emcorgroup.com,3894170000,7551524000,181935000,2.97,4/24/2017 0:00
1573166,JONE,"JONES ENERGY, INC.",Oil & Gas Exploration and Production,Energy,1311,www.jonesenergy.com,1886700000,127847000,-42552000,-1.13,4/28/2017 0:00
918160,AKS,AK STEEL HOLDING CORP,Steel,Basic Materials,3312,http://www.aksteel.com/,4036000000,5882500000,-7800000,-0.03,4/26/2017 0:00
884614,UGI,UGI CORP /PA/,Natural Gas Utilities,Utilities,4932,www.ugicorp.com,10847200000,5685700000,364700000,2.08,4/30/2017 0:00
1324424,EXPE,"EXPEDIA, INC.",Leisure & Recreation,Consumer Cyclicals,4700,http://www.expedia.com,15777546000,8773564000,281848000,1.82,4/14/2017 0:00
1108524,CRM,SALESFORCE COM INC,IT Services & Consulting,Technology,7372,www.salesforce.com,17584923000,8391984000,179632000,0.26,4/30/2017 0:00
1389170,TRGP,TARGA RESOURCES CORP.,Oil & Gas Transportation Services,Energy,4922,www.targaresources.com,12871200000,6690900000,-187300000,-1.8,5/1/2017 0:00
6769,APA,APACHE CORP,Oil & Gas Exploration and Production,Energy,1311,www.apachecorp.com,22519000000,5367000000,-1405000000,-3.71,4/30/2017 0:00
1364885,SPR,"SPIRIT AEROSYSTEMS HOLDINGS, INC.",Aerospace & Defense,Industrials,3728,www.spiritaero.com,5405200000,6792900000,469700000,3.7,4/27/2017 0:00
746515,EXPD,EXPEDITORS INTERNATIONAL OF WASHINGTON INC,Air Freight & Logistics,Industrials,4731,http://www.expeditors.com,2790871000,6098037000,430807000,2.36,5/1/2017 0:00
52795,AXE,ANIXTER INTERNATIONAL INC,Electrical Components & Equipment,Industrials,5063,http://www.anixter.com,4093600000,7622800000,120500000,3.59,4/19/2017 0:00
1136893,FIS,"FIDELITY NATIONAL INFORMATION SERVICES, INC.",Financial & Commodity Market Operators,Financials,7389,http://www.certegy.com,26031000000,9241000000,568000000,1.72,4/30/2017 0:00
1144980,ABG,ASBURY AUTOMOTIVE GROUP INC,"Auto Vehicles, Parts & Service Retailers",Consumer Cyclicals,5500,www.asburyauto.com,2336100000,6527800000,167200000,7.4,4/26/2017 0:00
4447,HES,HESS CORP,Oil & Gas Refining and Marketing,Energy,2911,http://www.hess.com/,28621000000,4762000000,-6132000000,-19.92,3/31/2017 0:00
85961,R,RYDER SYSTEM INC,Ground Freight & Logistics,Industrials,7510,www.ryder.com,10902454000,6786984000,262477000,4.9,3/31/2017 0:00
97216,TEX,TEREX CORP,Heavy Machinery & Vehicles,Industrials,3537,www.terex.com,5006800000,4443100000,-176100000,-1.63,4/28/2017 0:00
849399,SYMC,SYMANTEC CORP,Software,Technology,7372,www.symantec.com,18174000000,4019000000,-106000000,-0.17,4/28/2017 0:00
316709,SCHW,SCHWAB CHARLES CORP,Investment Banking & Brokerage Services,Financials,6211,http://www.schwab.com/,2.23383E+11,0,1889000000,1.31,4/30/2017 0:00
916457,CPN,CALPINE CORP,Electric Utilities,Utilities,4911,www.calpine.com,19317000000,6716000000,92000000,0.26,4/24/2017 0:00
811156,CMS,CMS ENERGY CORP,Multiline Utilities,Utilities,4931,www.cmsenergy.com,21622000000,6399000000,551000000,1.98,4/11/2017 0:00
1101215,ADS,ALLIANCE DATA SYSTEMS CORP,Business Support Services,Industrials,7389,www.alliancedatasystems.com,25514100000,7138100000,515800000,7.34,4/26/2017 0:00
1158463,JBLU,JETBLUE AIRWAYS CORP,Airlines,Industrials,4512,www.jetblue.com.,9487000000,6632000000,759000000,2.22,3/31/2017 0:00
1437107,DISCA,"DISCOVERY COMMUNICATIONS, INC.",Broadcasting,Consumer Cyclicals,4841,,15758000000,6497000000,1194000000,1.96,5/2/2017 0:00
99780,TRN,TRINITY INDUSTRIES INC,Industrial Conglomerates,Industrials,3743,www.trin.net,9125300000,4588300000,343600000,2.25,4/14/2017 0:00
897723,SANM,SANMINA CORP,Semiconductors,Technology,3672,www.sanmina.com,3625222000,6481181000,187838000,2.38,4/24/2017 0:00
70866,NCR,NCR CORP,IT Services & Consulting,Technology,3578,http://www.ncr.com,7673000000,6543000000,270000000,1.8,4/15/2017 0:00
1681459,FTI,TECHNIPFMC PLC,Oil Related Services and Equipment,Energy,3533,,74100,0,-11900,0,4/28/2017 0:00
922621,ERIE,ERIE INDEMNITY CO,Property & Casualty Insurance,Financials,6411,http://www.erieinsurance.com,1548955000,1624459000,210366000,4.01,4/14/2017 0:00
1024478,ROK,ROCKWELL AUTOMATION INC,Electrical Components & Equipment,Industrials,3829,http://www.rockwell.com/,7101200000,5879500000,729700000,5.56,3/31/2017 0:00
1418135,DPS,"DR PEPPER SNAPPLE GROUP, INC.",Non-Alcoholic Beverages,Consumer Non-Cyclicals,2080,www.drpeppersnapplegroup.com,9791000000,6440000000,847000000,4.54,4/24/2017 0:00
1400891,IHRT,"IHEARTMEDIA, INC.",Broadcasting,Consumer Cyclicals,4832,,12862247000,6273573000,-296318000,-3.5,5/1/2017 0:00
916365,TSCO,TRACTOR SUPPLY CO /DE/,Other Specialty Retailers,Consumer Cyclicals,5200,http://www.tractorsupplyco.com,2674942000,6779579000,437120000,3.27,4/29/2017 0:00
728535,JBHT,HUNT J B TRANSPORT SERVICES INC,Ground Freight & Logistics,Industrials,4213,www.jbhunt.com,3828988000,6555459000,432090000,3.81,3/31/2017 0:00
22444,CMC,COMMERCIAL METALS CO,Steel,Basic Materials,3312,http://www.commercialmetals.com,3130869000,4610526000,54762000,0.47,3/23/2017 0:00
812074,OI,OWENS ILLINOIS INC /DE/,Non-Paper Containers & Packaging,Basic Materials,3221,www.o-i.com,9135000000,6702000000,209000000,1.28,3/31/2017 0:00
1042046,AFG,AMERICAN FINANCIAL GROUP INC,Property & Casualty Insurance,Financials,6331,http://www.amfnl.com,55072000000,6498000000,649000000,7.33,5/1/2017 0:00
1002047,NTAP,"NETAPP, INC.",Computer Hardware,Technology,3572,http://www.netapp.com,10037000000,5546000000,229000000,0.77,2/15/2017 0:00
775158,OSK,OSHKOSH CORP,Heavy Machinery & Vehicles,Industrials,3711,http://www.oshkoshtruckcorporation.com/,4513800000,6279200000,216400000,2.91,4/19/2017 0:00
1002910,AEE,AMEREN CORP,Multiline Utilities,Utilities,4931,www.ameren.com,24699000000,6076000000,659000000,2.68,4/28/2017 0:00
1591588,AMRK,"A-MARK PRECIOUS METALS, INC.",Integrated  Mining,Basic Materials,5094,,437147000,6784039000,9271000,1.3,5/8/2017 0:00
890491,BKS,BARNES & NOBLE INC,Other Specialty Retailers,Consumer Cyclicals,5940,www.barnesandnobleinc.com,2012782000,4163844000,-24446000,-0.49,2/28/2017 0:00
26780,DAN,DANA INC,"Auto, Truck & Motorcycle Parts",Consumer Cyclicals,3714,www.dana.com,4860000000,5826000000,640000000,4.36,4/21/2017 0:00
16918,STZ,"CONSTELLATION BRANDS, INC.",Distillers & Wineries,Consumer Non-Cyclicals,2080,www.cbrands.com,18602400000,7331500000,1535100000,14.45,4/21/2017 0:00
1301611,LPNT,"LIFEPOINT HEALTH, INC.",Healthcare Facilities & Services,Healthcare,8062,http://www.lifepointhospitals.com,6319000000,6364000000,121900000,2.82,4/21/2017 0:00
1136869,ZBH,"ZIMMER BIOMET HOLDINGS, INC.","Medical Equipment, Supplies & Distribution",Healthcare,3842,http://www.zimmer.com,26684400000,7683900000,305900000,1.51,5/1/2017 0:00
793952,HOG,HARLEY DAVIDSON INC,Auto & Truck Manufacturers,Consumer Cyclicals,3751,http://www.harley-davidson.com,9890240000,5996458000,692164000,3.83,4/28/2017 0:00
822416,PHM,PULTEGROUP INC/MI/,Homebuilding,Consumer Cyclicals,1531,http://www.pulte.com,10178200000,7668476000,602703000,1.75,4/20/2017 0:00
814453,NWL,NEWELL BRANDS INC,"Appliances, Tools & Housewares",Consumer Cyclicals,3089,www.newellco.com,33837500000,13264000000,527800000,1.25,4/28/2017 0:00
8818,AVY,AVERY DENNISON CORP,Non-Paper Containers & Packaging,Basic Materials,2670,www.averydennison.com,4396400000,6086500000,320700000,3.54,4/29/2017 0:00
1037976,JLL,JONES LANG LASALLE INC,Real Estate Services,Financials,6531,www.joneslanglasalle.com,7629400000,6803800000,318200000,6.98,5/1/2017 0:00
783325,WEC,"WEC ENERGY GROUP, INC.",Electric Utilities,Utilities,4931,http://www.wisconsinenergy.com/,30123200000,7472300000,940200000,2.96,3/31/2017 0:00
101778,MRO,MARATHON OIL CORP,Oil & Gas Exploration and Production,Energy,1311,http://www.marathon.com,31094000000,4031000000,-2140000000,-2.61,4/30/2017 0:00
1378453,TA,TRAVELCENTERS OF AMERICA LLC,Oil & Gas Refining and Marketing,Energy,5500,www.tatravelcenters.com,1659841000,5511405000,-2018000,-0.05,5/8/2017 0:00
1067701,URI,UNITED RENTALS INC /DE,Business Support Services,Industrials,7359,http://www.ur.com/,11988000000,5762000000,566000000,3.64,4/17/2017 0:00
109177,HRG,"HRG GROUP, INC.","Appliances, Tools & Housewares",Consumer Cyclicals,3690,www.harbingergroupinc.com,35792800000,5215400000,-198800000,-0.99,5/2/2017 0:00
74260,ORI,OLD REPUBLIC INTERNATIONAL CORP,Property & Casualty Insurance,Financials,6351,http://www.oldrepnatl.com,18590900000,5900200000,466900000,1.62,3/31/2017 0:00
1282266,WIN,"WINDSTREAM HOLDINGS, INC.",Integrated Telecommunications Services,Telecommunication Services,4813,www.valortelecom.com,11770000000,5387000000,-383500000,-4.11,5/4/2017 0:00
1351541,DK,"DELEK US HOLDINGS, INC.",Oil & Gas Refining and Marketing,Energy,2911,www.delekus.com,2985100000,4197900000,-153700000,-2.49,5/4/2017 0:00
75677,PKG,PACKAGING CORP OF AMERICA,Paper Packaging,Basic Materials,2650,www.packagingcorp.com,5777000000,5779000000,449600000,4.75,4/28/2017 0:00
1478242,Q,"QUINTILES IMS HOLDINGS, INC.",Biotechnology & Medical Research,Healthcare,8731,www.quintiles.com,21208000000,6878000000,115000000,0.76,5/3/2017 0:00
1359841,HBI,HANESBRANDS INC.,Apparel & Accessories,Consumer Cyclicals,5600,,6907734000,6028199000,539382000,1.41,4/28/2017 0:00
1398987,RLGY,REALOGY HOLDINGS CORP.,Real Estate Services,Financials,6531,www.realogy.com,7421000000,5810000000,213000000,1.46,2/21/2017 0:00
63276,MAT,MATTEL INC /DE/,Toys & Juvenile Products,Consumer Cyclicals,3942,http://www.mattel.com/,6493794000,5456650000,318022000,0.92,4/14/2017 0:00
68505,MSI,"MOTOROLA SOLUTIONS, INC.",Communications & Networking,Technology,3663,www.motorola.com,8463000000,6038000000,560000000,3.24,4/1/2017 0:00
91419,SJM,J M SMUCKER CO,Food Processing,Consumer Non-Cyclicals,2033,http://www.smucker.com/,15984100000,7811200000,688700000,5.76,2/20/2017 0:00
1281761,RF,REGIONS FINANCIAL CORP,Banks,Financials,6021,www.regions.com,1.25968E+11,0,1163000000,0.87,5/3/2017 0:00
1306830,CE,CELANESE CORP,Commodity Chemicals,Basic Materials,2820,www.celanese.com,8357000000,5389000000,900000000,6.18,4/11/2017 0:00
21076,CLX,CLOROX CO /DE/,Household Products,Consumer Non-Cyclicals,2842,http://www.thecloroxcompany.com/,4518000000,5761000000,648000000,4.92,4/19/2017 0:00
1046257,INGR,INGREDION INC,Food Processing,Consumer Non-Cyclicals,2040,http://www.cornproducts.com,5782000000,5704000000,485000000,6.55,5/3/2017 0:00
1351051,GEN,"GENESIS HEALTHCARE, INC.",Healthcare Facilities & Services,Healthcare,8051,www.skilledhealthcaregroup.com,5779201000,5732430000,-64013000,-0.82,3/3/2017 0:00
1064728,BTU,PEABODY ENERGY CORP,Coal,Energy,1221,http://www.peabodyenergy.com,11777700000,4715300000,-739800000,-37.3,5/5/2017 0:00
766421,ALK,"ALASKA AIR GROUP, INC.",Airlines,Industrials,4512,www.alaskaair.com,9962000000,5931000000,814000000,6.54,4/28/2017 0:00
88121,SEB,SEABOARD CORP /DE/,Food Processing,Consumer Non-Cyclicals,6221,http://www.seaboardcorp.com/,4755000000,5379000000,312000000,266.5,4/28/2017 0:00
20520,FTR,FRONTIER COMMUNICATIONS CORP,Integrated Telecommunications Services,Telecommunication Services,4813,www.czn.net,29013000000,8896000000,-373000000,-0.51,5/1/2017 0:00
820313,APH,AMPHENOL CORP /DE/,Electronic Equipment & Parts,Technology,3678,www.amphenol.com,8498700000,6286400000,822900000,2.61,4/28/2017 0:00
1361658,WYN,WYNDHAM WORLDWIDE CORP,"Hotels, Motels & Cruise Lines",Consumer Cyclicals,7011,,9819000000,5599000000,611000000,5.53,3/31/2017 0:00
55135,KELYA,KELLY SERVICES INC,Employment Services,Industrials,7363,http://www.kellyservices.com,2028100000,5276800000,120800000,3.08,5/1/2017 0:00
1365135,WU,WESTERN UNION CO,Business Support Services,Industrials,7389,www.westernunion.com,9419600000,5422900000,253200000,0.51,4/28/2017 0:00
1111335,VC,VISTEON CORP,"Auto, Truck & Motorcycle Parts",Consumer Cyclicals,3714,www.visteon.com,2373000000,3161000000,75000000,2.12,4/20/2017 0:00
354190,AJG,GALLAGHER ARTHUR J & CO,Multiline Insurance & Brokers,Financials,6411,http://www.ajg.com,11489600000,5594800000,414400000,2.32,3/31/2017 0:00
1070750,HST,"HOST HOTELS & RESORTS, INC.",Specialized REITs,Financials,6798,www.hostmarriott.com,11408000000,5430000000,762000000,1.02,4/28/2017 0:00
1674862,ASH,ASHLAND GLOBAL HOLDINGS INC,Diversified Chemicals,Basic Materials,5160,,9697000000,4948000000,-29000000,-0.46,3/31/2017 0:00
932696,NSIT,INSIGHT ENTERPRISES INC,IT Services & Consulting,Technology,5961,http://www.insight.com,2219300000,5485515000,84690000,2.32,4/28/2017 0:00
1096343,MKL,MARKEL CORP,Property & Casualty Insurance,Financials,6331,www.markelcorp.com,25875299000,5612026000,455689000,31.27,4/19/2017 0:00
355999,ESND,ESSENDANT INC,Business Support Supplies,Industrials,5110,http://www.unitedstationers.com,2163506000,5369022000,63852000,1.73,4/21/2017 0:00
1370946,OC,OWENS CORNING,Construction Supplies & Fixtures,Consumer Cyclicals,3290,www.owenscorning.com,7741000000,5677000000,393000000,3.41,4/17/2017 0:00
64040,SPGI,S&P GLOBAL INC.,Professional Information Services,Industrials,7320,http://www.mcgraw-hill.com,8669000000,5661000000,2106000000,7.94,4/21/2017 0:00
720005,RJF,RAYMOND JAMES FINANCIAL INC,Investment Banking & Brokerage Services,Financials,6211,http://www.rjf.com,31593733000,0,529350000,3.65,5/8/2017 0:00
1111711,NI,NISOURCE INC/DE,Multiline Utilities,Utilities,4931,www.nisource.com,18691900000,4492500000,331500000,1.02,4/24/2017 0:00
771497,ABM,ABM INDUSTRIES INC /DE/,Business Support Services,Industrials,7340,http://www.abm.com,2281200000,5144700000,57200000,1,3/1/2017 0:00
759944,CFG,CITIZENS FINANCIAL GROUP INC/RI,Banks,Financials,6022,www.citizensbank.com,1.4952E+11,0,1045000000,1.97,5/1/2017 0:00
1443646,BAH,BOOZ ALLEN HAMILTON HOLDING CORP,IT Services & Consulting,Technology,8742,www.boozallen.com,3373105000,5804284000,252490000,1.67,5/18/2017 0:00
64040,SPGI,S&P GLOBAL INC.,Professional Information Services,Industrials,7320,http://www.mcgraw-hill.com,8669000000,5661000000,2106000000,7.94,4/21/2017 0:00
1381531,UFS,DOMTAR CORP,Paper Products,Basic Materials,2621,,5680000000,5098000000,128000000,2.04,4/28/2017 0:00
1137411,COL,ROCKWELL COLLINS INC,Aerospace & Defense,Industrials,3728,http://www.rockwellcollins.com/,7707000000,5259000000,728000000,5.51,4/17/2017 0:00
707549,LRCX,LAM RESEARCH CORP,Semiconductor Equipment & Testing,Technology,3559,www.lamrc.com,12271528000,5885893000,914049000,5.22,4/20/2017 0:00
798354,FISV,FISERV INC,Business Support Services,Industrials,7374,http://www.fiserv.com,9743000000,5505000000,930000000,4.2,4/21/2017 0:00
1373835,SE,SPECTRA ENERGY CORP.,Oil & Gas Transportation Services,Energy,4923,,36842000000,4916000000,693000000,1,1/31/2017 0:00
1593538,NAVI,NAVIENT CORP,Consumer Lending,Financials,6211,,1.21136E+11,0,681000000,2.12,3/31/2017 0:00
768835,BIG,BIG LOTS INC,Discount Stores,Consumer Cyclicals,5331,http://www.biglots.com,1607707000,5200439000,152828000,3.32,3/24/2017 0:00
1051512,TDS,TELEPHONE & DATA SYSTEMS INC /DE/,Wireless Telecommunications Services,Telecommunication Services,4813,http://www.teldta.com,9446000000,5104000000,43000000,0.39,3/31/2017 0:00
1472787,FAF,FIRST AMERICAN FINANCIAL CORP,Property & Casualty Insurance,Financials,6361,,8831777000,5575846000,342993000,3.09,4/21/2017 0:00
906163,NVR,NVR INC,Homebuilding,Consumer Cyclicals,1531,http://www.nvrinc.com/,2643943000,5825364000,425262000,103.61,4/25/2017 0:00
20286,CINF,CINCINNATI FINANCIAL CORP,Property & Casualty Insurance,Financials,6331,http://www.cinfin.com/,20386000000,5449000000,591000000,3.55,4/21/2017 0:00
1579298,BURL,"BURLINGTON STORES, INC.",Discount Stores,Consumer Cyclicals,5311,www.burlingtoncoatfactory.com,2574483000,5590950000,215873000,3.01,2/25/2017 0:00
